GM0393	Noord-Holland
GM0576	Zuid-Holland
GM0584	Zuid-Holland
GM0585	Zuid-Holland
GM0588	Zuid-Holland
GM0611	Zuid-Holland
GM1927	Zuid-Holland
GM0881	Limburg
GM0951	Limburg
GM0962	Limburg
GM0005	Groningen
GM0007	Groningen
GM0009	Groningen
GM0015	Groningen
GM0017	Groningen
GM0018	Groningen
GM0022	Groningen
GM0025	Groningen
GM0040	Groningen
GM0048	Groningen
GM0053	Groningen
GM0056	Groningen
GM0058	Friesland
GM0063	Friesland
GM0070	Friesland
GM0079	Friesland
GM0081	Friesland
GM0140	Friesland
GM0617	Zuid-Holland
GM1651	Groningen
GM1663	Groningen
GM1722	Friesland
GM1908	Friesland
GM1987	Groningen
GM0236	Gelderland
GM0304	Gelderland
GM0545	Zuid-Holland
GM0620	Utrecht
GM0689	Zuid-Holland
GM0707	Zuid-Holland
GM0733	Gelderland
GM0738	Noord-Brabant
GM0870	Noord-Brabant
GM0874	Noord-Brabant
GM0196	Gelderland
GM1680	Drenthe
GM0358	Noord-Holland
GM0197	Gelderland
GM0059	Friesland
GM0482	Zuid-Holland
GM0613	Zuid-Holland
GM0361	Noord-Holland
GM0141	Overijssel
GM0034	Flevoland
GM0484	Zuid-Holland
GM1723	Noord-Brabant
GM1959	Noord-Brabant
GM0060	Friesland
GM0307	Utrecht
GM0362	Noord-Holland
GM0363	Noord-Holland
GM0200	Gelderland
GM0003	Groningen
GM0202	Gelderland
GM0106	Drenthe
GM0743	Noord-Brabant
GM0744	Noord-Brabant
GM0308	Utrecht
GM0489	Zuid-Holland
GM0203	Gelderland
GM0888	Limburg
GM1954	Limburg
GM0370	Noord-Holland
GM0889	Limburg
GM1945	Gelderland
GM1724	Noord-Brabant
GM0893	Limburg
GM0373	Noord-Holland
GM0748	Noord-Brabant
GM1859	Gelderland
GM1721	Noord-Brabant
GM0753	Noord-Brabant
GM0209	Gelderland
GM0375	Noord-Holland
GM0310	Utrecht
GM1728	Noord-Brabant
GM0376	Noord-Holland
GM0377	Noord-Holland
GM1901	Zuid-Holland
GM0755	Noord-Brabant
GM1681	Drenthe
GM0147	Overijssel
GM0654	Zeeland
GM0756	Noord-Brabant
GM0757	Noord-Brabant
GM0758	Noord-Brabant
GM0501	Zuid-Holland
GM1876	Gelderland
GM0213	Gelderland
GM0899	Limburg
GM0312	Utrecht
GM0313	Utrecht
GM0214	Gelderland
GM0502	Zuid-Holland
GM0383	Noord-Holland
GM0109	Drenthe
GM1706	Noord-Brabant
GM1684	Noord-Brabant
GM0216	Gelderland
GM0148	Overijssel
GM1891	Friesland
GM0503	Zuid-Holland
GM0010	Groningen
GM0762	Noord-Brabant
GM0150	Overijssel
GM0384	Noord-Holland
GM1774	Overijssel
GM0221	Gelderland
GM0222	Gelderland
GM0766	Noord-Brabant
GM0505	Zuid-Holland
GM0498	Noord-Holland
GM1719	Noord-Brabant
GM0303	Flevoland
GM0225	Gelderland
GM0226	Gelderland
GM1711	Limburg
GM0385	Noord-Holland
GM0228	Gelderland
GM0317	Utrecht
GM0770	Noord-Brabant
GM1903	Limburg
GM0772	Noord-Brabant
GM0230	Gelderland
GM0114	Drenthe
GM0388	Noord-Holland
GM0153	Overijssel
GM0232	Gelderland
GM0233	Gelderland
GM0777	Noord-Brabant
GM1940	Friesland
GM0779	Noord-Brabant
GM1771	Noord-Brabant
GM1652	Noord-Brabant
GM0907	Limburg
GM0784	Noord-Brabant
GM1924	Zuid-Holland
GM0664	Zeeland
GM0785	Noord-Brabant
GM1942	Noord-Holland
GM0512	Zuid-Holland
GM0513	Zuid-Holland
GM0786	Noord-Brabant
GM0518	Zuid-Holland
GM0014	Groningen
GM1729	Limburg
GM0158	Overijssel
GM0788	Noord-Brabant
GM0392	Noord-Holland
GM0394	Noord-Holland
GM1655	Noord-Brabant
GM0160	Overijssel
GM0243	Gelderland
GM0523	Zuid-Holland
GM0072	Friesland
GM0244	Gelderland
GM0396	Noord-Holland
GM0397	Noord-Holland
GM0246	Gelderland
GM0074	Friesland
GM0398	Noord-Holland
GM0917	Limburg
GM1658	Noord-Brabant
GM0399	Noord-Holland
GM0400	Noord-Holland
GM0163	Overijssel
GM0530	Zuid-Holland
GM0794	Noord-Brabant
GM0531	Zuid-Holland
GM0164	Overijssel
GM0796	Noord-Brabant
GM0252	Gelderland
GM0797	Noord-Brabant
GM0534	Zuid-Holland
GM0798	Noord-Brabant
GM0402	Noord-Holland
GM1963	Zuid-Holland
GM1735	Overijssel
GM1966	Groningen
GM1911	Noord-Holland
GM0118	Drenthe
GM0405	Noord-Holland
GM1507	Limburg
GM0321	Utrecht
GM0406	Noord-Holland
GM0677	Zeeland
GM0353	Utrecht
GM1884	Zuid-Holland
GM0166	Overijssel
GM0678	Zeeland
GM0537	Zuid-Holland
GM0928	Limburg
GM1598	Noord-Holland
GM0542	Zuid-Holland
GM1931	Zuid-Holland
GM1659	Noord-Brabant
GM1685	Noord-Brabant
GM0882	Limburg
GM0415	Noord-Holland
GM0416	Noord-Holland
GM1621	Zuid-Holland
GM0417	Noord-Holland
GM0080	Friesland
GM0546	Zuid-Holland
GM0547	Zuid-Holland
GM1916	Zuid-Holland
GM0995	Flevoland
GM1640	Limburg
GM0327	Utrecht
GM1705	Gelderland
GM0553	Zuid-Holland
GM0262	Gelderland
GM0809	Noord-Brabant
GM0331	Utrecht
GM0024	Groningen
GM0168	Overijssel
GM0263	Gelderland
GM1641	Limburg
GM0556	Zuid-Holland
GM0935	Limburg
GM0420	Noord-Holland
GM0938	Limburg
GM1948	Noord-Brabant
GM0119	Drenthe
GM0687	Zeeland
GM1842	Zuid-Holland
GM1731	Drenthe
GM1952	Groningen
GM0815	Noord-Brabant
GM1709	Noord-Brabant
GM1978	Zuid-Holland
GM1955	Gelderland
GM0335	Utrecht
GM0944	Limburg
GM1740	Gelderland
GM0946	Limburg
GM0356	Utrecht
GM0569	Zuid-Holland
GM0267	Gelderland
GM0268	Gelderland
GM1930	Zuid-Holland
GM1970	Friesland
GM1695	Zeeland
GM1699	Drenthe
GM0171	Flevoland
GM0575	Zuid-Holland
GM0820	Noord-Brabant
GM0302	Gelderland
GM0579	Zuid-Holland
GM0823	Noord-Brabant
GM0824	Noord-Brabant
GM1895	Groningen
GM0269	Gelderland
GM0173	Overijssel
GM1773	Overijssel
GM0175	Overijssel
GM1586	Gelderland
GM0826	Noord-Brabant
GM0085	Friesland
GM0431	Noord-Holland
GM0432	Noord-Holland
GM0086	Friesland
GM0828	Noord-Brabant
GM1509	Gelderland
GM0437	Noord-Holland
GM0589	Utrecht
GM1734	Gelderland
GM0590	Zuid-Holland
GM1894	Limburg
GM0765	Groningen
GM1926	Zuid-Holland
GM0439	Noord-Holland
GM0273	Gelderland
GM0177	Overijssel
GM0703	Zeeland
GM0274	Gelderland
GM0339	Utrecht
GM1667	Noord-Brabant
GM0275	Gelderland
GM0340	Utrecht
GM0597	Zuid-Holland
GM1742	Overijssel
GM0603	Zuid-Holland
GM1669	Limburg
GM0957	Limburg
GM0736	Utrecht
GM1674	Noord-Brabant
GM0599	Zuid-Holland
GM0277	Gelderland
GM0840	Noord-Brabant
GM0441	Noord-Holland
GM0279	Gelderland
GM0606	Zuid-Holland
GM0088	Friesland
GM1676	Zeeland
GM0965	Limburg
GM1702	Noord-Brabant
GM0845	Noord-Brabant
GM1883	Limburg
GM0610	Zuid-Holland
GM1714	Zeeland
GM0090	Friesland
GM0342	Utrecht
GM0847	Noord-Brabant
GM0848	Noord-Brabant
GM0037	Groningen
GM0180	Overijssel
GM0532	Noord-Holland
GM0851	Noord-Brabant
GM1708	Overijssel
GM0971	Limburg
GM1904	Utrecht
GM1900	Friesland
GM0715	Zeeland
GM0093	Friesland
GM0448	Noord-Holland
GM1525	Zuid-Holland
GM0716	Zeeland
GM0281	Gelderland
GM0855	Noord-Brabant
GM0183	Overijssel
GM1700	Overijssel
GM1730	Drenthe
GM0737	Friesland
GM0856	Noord-Brabant
GM0450	Noord-Holland
GM0451	Noord-Holland
GM0184	Flevoland
GM0344	Utrecht
GM1581	Utrecht
GM0981	Limburg
GM0994	Limburg
GM0858	Noord-Brabant
GM0047	Groningen
GM0345	Utrecht
GM0717	Zeeland
GM0861	Noord-Brabant
GM0453	Noord-Holland
GM0983	Limburg
GM0984	Limburg
GM1961	Utrecht
GM0622	Zuid-Holland
GM0096	Friesland
GM0718	Zeeland
GM0986	Limburg
GM0626	Zuid-Holland
GM0285	Gelderland
GM0865	Noord-Brabant
GM1949	Friesland
GM0866	Noord-Brabant
GM0867	Noord-Brabant
GM0627	Zuid-Holland
GM0289	Gelderland
GM0629	Zuid-Holland
GM0852	Noord-Holland
GM0988	Limburg
GM0457	Noord-Holland
GM1960	Gelderland
GM0668	Gelderland
GM1969	Groningen
GM1701	Drenthe
GM0293	Gelderland
GM1950	Groningen
GM1783	Zuid-Holland
GM0098	Friesland
GM0614	Zuid-Holland
GM0189	Overijssel
GM0296	Gelderland
GM1696	Noord-Holland
GM0352	Utrecht
GM0294	Gelderland
GM0873	Noord-Brabant
GM0632	Utrecht
GM1690	Drenthe
GM0880	Noord-Holland
GM0351	Utrecht
GM0479	Noord-Holland
GM0297	Gelderland
GM0473	Noord-Holland
GM0050	Flevoland
GM0355	Utrecht
GM0299	Gelderland
GM0637	Zuid-Holland
GM0638	Zuid-Holland
GM1892	Zuid-Holland
GM0879	Noord-Brabant
GM0301	Gelderland
GM1896	Overijssel
GM0642	Zuid-Holland
GM0193	Overijssel